INSERT INTO restaurants (id, slug, name, timezone, default_locale, created_at, updated_at) VALUES ('rest-demo', 'sabay-kitchen', 'Sabay Kitchen', 'Asia/Phnom_Penh', 'km-KH', unixepoch(), unixepoch());
INSERT INTO branches (id, restaurant_id, slug, name, created_at, updated_at) VALUES ('branch-main', 'rest-demo', 'main', 'Main dining room', unixepoch(), unixepoch());
INSERT INTO categories (id, restaurant_id, status, display_order, created_at, updated_at) VALUES ('cat-local', 'rest-demo', 'active', 10, unixepoch(), unixepoch()), ('cat-noodles', 'rest-demo', 'active', 20, unixepoch(), unixepoch()), ('cat-drinks', 'rest-demo', 'active', 30, unixepoch(), unixepoch());
INSERT INTO category_translations (category_id, locale, name) VALUES ('cat-local', 'en', 'Khmer favourites'), ('cat-local', 'km-KH', 'ម្ហូបខ្មែរ'), ('cat-noodles', 'en', 'Noodles & rice'), ('cat-noodles', 'km-KH', 'គុយទាវ និងបាយ'), ('cat-drinks', 'en', 'Drinks'), ('cat-drinks', 'km-KH', 'ភេសជ្ជៈ');
INSERT INTO menu_items (id, restaurant_id, category_id, sku, status, display_order, created_at, updated_at) VALUES ('item-amok', 'rest-demo', 'cat-local', 'AMOK-01', 'active', 10, unixepoch(), unixepoch()), ('item-loklak', 'rest-demo', 'cat-local', 'LOK-01', 'active', 20, unixepoch(), unixepoch()), ('item-kuyteav', 'rest-demo', 'cat-noodles', 'KYT-01', 'active', 10, unixepoch(), unixepoch()), ('item-coffee', 'rest-demo', 'cat-drinks', 'COF-01', 'active', 10, unixepoch(), unixepoch());
INSERT INTO menu_item_translations (menu_item_id, locale, name, description) VALUES ('item-amok', 'en', 'Fish Amok', 'Steamed fish curry with coconut cream and fresh herbs.'), ('item-amok', 'km-KH', 'អាម៉ុកត្រី', 'គ្រឿងការីត្រីចំហុយជាមួយខ្ទិះដូង។'), ('item-loklak', 'en', 'Beef Lok Lak', 'Tender beef, pepper-lime dipping sauce, rice and fried egg.'), ('item-loklak', 'km-KH', 'ឡុកឡាក់សាច់គោ', 'សាច់គោទន់ ជាមួយទឹកជ្រលក់ម្រេចក្រូចឆ្មា។'), ('item-kuyteav', 'en', 'Phnom Penh Kuy Teav', 'Rice noodle soup with pork, herbs and a clear savoury broth.'), ('item-kuyteav', 'km-KH', 'គុយទាវភ្នំពេញ', 'គុយទាវទឹកសាច់ជ្រូក ជាមួយបន្លែ។'), ('item-coffee', 'en', 'Iced Khmer Coffee', 'Strong local coffee with condensed milk and ice.'), ('item-coffee', 'km-KH', 'កាហ្វេទឹកដោះគោត្រជាក់', 'កាហ្វេខ្មែរជាមួយទឹកដោះគោខាប់ និងទឹកកក។');
INSERT INTO menu_item_prices (id, menu_item_id, currency, amount_minor, created_at, updated_at) VALUES ('price-amok-khr', 'item-amok', 'KHR', 28000, unixepoch(), unixepoch()), ('price-amok-usd', 'item-amok', 'USD', 700, unixepoch(), unixepoch()), ('price-loklak-khr', 'item-loklak', 'KHR', 26000, unixepoch(), unixepoch()), ('price-loklak-usd', 'item-loklak', 'USD', 650, unixepoch(), unixepoch()), ('price-kuyteav-khr', 'item-kuyteav', 'KHR', 14000, unixepoch(), unixepoch()), ('price-kuyteav-usd', 'item-kuyteav', 'USD', 350, unixepoch(), unixepoch()), ('price-coffee-khr', 'item-coffee', 'KHR', 8000, unixepoch(), unixepoch()), ('price-coffee-usd', 'item-coffee', 'USD', 200, unixepoch(), unixepoch());
INSERT INTO menu_schedules (id, restaurant_id, branch_id, name, status, priority, created_at, updated_at) VALUES ('schedule-all-day', 'rest-demo', 'branch-main', 'All day', 'active', 100, unixepoch(), unixepoch());
INSERT INTO schedule_windows (id, schedule_id, iso_weekday, start_minute, end_minute, end_day_offset) VALUES ('window-1', 'schedule-all-day', 1, 0, 0, 1), ('window-2', 'schedule-all-day', 2, 0, 0, 1), ('window-3', 'schedule-all-day', 3, 0, 0, 1), ('window-4', 'schedule-all-day', 4, 0, 0, 1), ('window-5', 'schedule-all-day', 5, 0, 0, 1), ('window-6', 'schedule-all-day', 6, 0, 0, 1), ('window-7', 'schedule-all-day', 7, 0, 0, 1);
INSERT INTO schedule_items (schedule_id, menu_item_id, display_order) VALUES ('schedule-all-day', 'item-amok', 10), ('schedule-all-day', 'item-loklak', 20), ('schedule-all-day', 'item-kuyteav', 30), ('schedule-all-day', 'item-coffee', 40);
